Makhi Conley,72,67,74,33,20,51,42,32,88,18
Yaritza Holt,13,51,12,20,76,2,38,65,75,81
Fiona Elliott,62,15,65,45,32,72,82,96,34,78
Alexzander Barr,96,65,57,49,34,33,50,35,53,56
Amari Good,60,76,64,30,59,63,80,57,80,4
Ronin Watson,12,98,17,8,6,84,4,91,26,16
Lizbeth Hooper,14,8,97,99,79,68,31,9,20,57
Journey Sutton,29,36,13,88,78,92,5,80,61,59
Kirsten Foley,86,68,77,10,47,37,61,96,35,99
Gina Johnston,49,25,24,59,6,96,92,96,77,88
Emanuel Yu,67,74,73,11,86,17,22,12,4,96
Sasha Humphrey,68,70,40,82,47,72,41,78,94,14
Hezekiah Graves,30,33,60,35,45,51,21,15,66,62
Nick Mcdonald,65,37,31,96,30,93,38,71,87,61
Jefferson Woods,71,17,39,87,24,46,13,52,67,43
Shaylee Christensen,22,79,51,67,61,10,68,31,6,48
Jadiel Henry,60,71,56,26,16,76,79,5,18,52
Santino Valentine,3,52,53,53,50,58,76,67,72,22
Kaley Pennington,15,33,59,76,56,70,19,81,20,53
Abbie Bowman,20,86,38,98,33,57,97,28,29,96
Gabriella Larsen,64,96,74,15,21,54,96,25,76,21
Quinn Avery,37,62,79,9,66,18,70,2,65,79
Anabella Fernandez,24,84,44,35,23,16,81,40,56,65
Kasey Kelly,39,63,32,18,39,0,97,86,91,89
Isabela Lloyd,55,40,91,84,48,0,36,34,69,34
Destiny Pugh,16,2,81,37,54,38,65,43,92,85
Kailyn Berry,52,60,66,21,50,2,59,0,86,25
Spencer Sanford,93,96,33,18,42,99,45,23,6,95
Diana Dickson,4,85,31,100,73,33,7,27,42,11
Areli Bradshaw,95,17,3,38,32,84,0,96,27,99
Kymani Costa,57,80,61,58,77,54,29,88,65,38
Declan Hines,85,57,39,89,76,84,100,77,56,2
Haylie Jimenez,79,71,13,29,2,90,24,70,18,44
Celeste Brown,8,45,28,31,28,92,81,3,31,14
Allisson Mason,55,24,15,35,12,92,25,70,32,69
Lance Hanson,91,36,96,8,41,40,55,6,11,40
Kenny Orozco,21,44,99,60,95,6,4,81,86,72
Gabriel Pena,8,54,19,80,57,100,35,62,92,34
Mareli Burch,97,37,99,99,84,99,53,91,41,49
Aubree Carr,94,56,66,23,10,51,63,72,5,70
August Macdonald,4,21,80,47,37,47,92,100,2,36
Danica Daniels,67,7,77,93,59,10,97,78,29,68
Amiyah Pittman,2,33,72,61,24,46,85,70,30,55
Tristian Gill,1,78,89,9,3,83,17,70,62,4
Braylen Nunez,39,88,1,79,52,13,54,24,78,35
Zachary Campos,14,41,59,44,41,96,86,38,29,82
Annabella Galloway,70,89,98,39,10,43,4,4,73,61
Melina Serrano,23,79,59,11,1,41,48,55,12,24
Alondra Boyle,5,47,98,36,44,77,16,24,91,47
Jaron Anthony,79,70,57,80,34,68,72,74,12,42
Yael Trevino,23,10,32,82,62,49,49,47,22,76
Richard Werner,69,53,65,15,14,23,67,97,73,2
Serenity Shea,77,17,80,56,8,6,14,52,41,0
Lorelai Kemp,28,65,16,9,54,81,50,25,60,1
Yesenia Vasquez,73,2,56,68,47,45,83,41,2,31
Jakobe Faulkner,20,51,67,96,4,52,57,36,56,61
Ali Zamora,11,9,22,64,83,99,92,6,63,17
Krish Curry,48,67,61,5,19,16,70,41,51,36
Isai Melton,4,83,98,75,64,63,88,36,38,72
Luke Rocha,66,96,88,31,44,58,7,51,50,19
King Horn,49,47,30,9,79,12,59,39,25,35
Messiah Knapp,84,33,42,66,97,91,83,86,83,49
Yahir Compton,17,22,50,46,95,30,73,27,34,66
Romeo Reese,16,7,57,96,48,53,25,36,87,100
Clara Mendez,55,27,65,29,63,75,0,89,8,95
Julianna Cruz,57,20,29,97,29,85,10,13,80,64
Gracie Rojas,88,1,67,9,48,45,17,72,12,37
Karly Grant,25,34,41,63,28,7,83,68,63,15
Karter Marks,66,93,96,20,47,23,2,82,31,67
Aniya Rangel,24,56,26,21,4,58,40,51,3,99
Kaeden Mosley,100,99,15,32,37,33,10,90,96,84
Beckham Nichols,100,85,30,83,39,31,79,96,14,45
Neil Richardson,51,14,68,96,15,74,11,55,72,27
Campbell Stephenson,15,66,49,43,59,38,6,94,36,94
Julian Hoover,14,79,7,10,53,20,49,49,87,44
Urijah Weaver,64,88,74,5,21,5,32,92,39,66
Dixie Townsend,98,66,36,66,7,57,83,77,1,14
Raul Hood,17,35,34,95,15,64,18,97,90,9
Phoenix Sweeney,30,29,27,14,48,25,7,98,84,18
Kinley Tanner,10,41,97,82,67,35,13,52,27,11
Killian Lutz,58,54,88,44,16,41,52,61,15,37
Douglas Haney,44,31,33,61,15,38,28,28,59,53
Skylar Robertson,67,61,56,64,22,73,1,74,28,49
Sincere James,63,18,18,55,56,5,6,13,39,72
Jeramiah Stafford,49,39,45,0,84,44,42,22,55,3
Daniela Murphy,32,29,34,63,73,21,62,19,30,76
Dakota Bernard,93,82,28,89,77,70,87,31,70,32
Theodore Fisher,19,50,64,17,40,63,48,50,35,45
Kelly Ortega,72,54,50,90,2,11,7,1,31,95
Leslie Walter,55,95,10,32,94,60,57,8,5,50
Cindy Phillips,52,3,95,96,0,92,78,51,16,11
Colten Mayo,58,90,53,12,74,62,73,55,61,13
Boston Cooke,90,11,48,29,53,86,55,63,1,11
Omari Taylor,29,30,73,11,100,40,72,84,18,33
Lilah White,75,39,63,57,70,77,89,13,83,64
Claire Brandt,28,35,81,86,17,39,93,17,41,7
Joseph Medina,3,45,19,20,33,28,1,52,69,52
Sidney Weiss,70,92,96,71,71,12,70,66,28,64
Patience Hanna,84,0,51,86,99,32,10,76,56,96
Marquise Hickman,62,78,44,30,66,16,59,56,15,73
Lindsey Potter,88,45,51,16,59,39,68,45,90,11
Darian Brennan,14,13,39,21,3,18,80,77,38,50
Byron Ferrell,12,14,65,65,75,85,90,60,57,89
Roger Travis,50,76,83,78,75,34,95,68,37,59
Laurel Gallegos,91,63,24,97,49,5,0,48,19,0
Triston Cline,21,18,73,58,31,18,5,1,71,52
Zion Lane,10,3,85,51,49,39,64,58,55,92
Felipe Moyer,10,94,16,28,83,66,5,4,30,93
Victor Chase,9,8,67,93,26,72,85,23,35,42
Roland Palmer,10,98,87,70,58,14,21,22,84,60
Uriah Deleon,7,99,41,55,79,31,83,99,63,18
Zayne Oconnell,13,47,10,17,63,80,99,80,37,3
Ibrahim Levine,93,64,3,77,77,93,92,37,3,74
Lillianna Mata,4,72,52,4,11,92,69,100,26,23
Carla Maynard,38,97,87,79,36,78,10,43,26,13
Christian Garner,47,49,12,67,50,34,59,74,38,14
Estrella Kirk,26,81,91,9,68,44,56,77,90,71
Brandon Craig,91,83,42,66,8,50,74,9,63,89
Elisabeth Frost,73,68,13,72,31,63,79,0,86,3
Melanie Christian,48,38,19,66,6,24,82,96,15,26
Justice Fry,16,34,23,5,25,82,96,66,25,75
Angelo Bruce,7,81,52,87,89,79,10,81,8,34
Houston Bauer,98,69,68,16,21,26,59,75,61,18
Maggie Ford,14,41,84,88,59,22,52,100,81,41
Elise Floyd,71,67,59,74,91,67,16,78,84,86
Derick Benson,26,93,62,99,60,99,3,82,55,29
Kendall Donovan,36,32,59,69,93,24,61,89,5,86
Kaitlyn Schultz,93,3,63,26,88,80,6,95,1,6
Saige Friedman,29,25,92,19,33,22,50,42,25,55
Isla Drake,89,89,42,4,71,97,46,42,92,45
Maverick Pearson,10,32,69,8,38,87,66,51,19,0
Leila Marshall,93,81,66,6,65,72,44,62,96,92
Gia Cortez,15,79,52,36,87,73,33,66,11,82
Amaya Harrell,2,97,85,18,87,91,64,35,41,98
Malaki Baxter,77,43,2,77,78,94,68,55,15,45
Belen Campbell,82,88,70,21,76,15,49,94,70,12
Ryland Mcgrath,100,84,53,19,12,79,21,35,1,12
Shea Wong,38,18,15,15,43,31,59,28,60,100
Micah Ballard,97,42,45,6,86,46,84,24,94,5
Teagan Park,50,33,83,79,53,93,49,12,31,70
Reece Ellison,96,20,80,68,42,79,95,73,89,80
Nia Bean,42,45,28,32,17,12,11,85,86,44
Madilynn Gates,20,31,10,73,21,95,30,51,42,0
Zaniyah Miles,63,93,94,74,38,41,39,19,90,69
Karissa Esparza,27,17,93,67,28,92,96,46,28,45
Rodolfo Holloway,85,88,28,91,11,44,30,92,24,69
Adrian Lamb,85,65,89,13,86,58,8,88,97,29
Rihanna Pope,35,9,38,10,15,16,8,4,37,30
Jolie Flores,51,43,14,75,11,53,10,64,58,28
Yamilet Decker,0,66,89,40,59,28,69,28,4,47
Dane Steele,69,20,42,5,35,50,26,89,6,5
Abbey Kim,86,7,58,51,2,30,82,0,69,21
Emiliano Love,2,39,100,37,87,77,92,16,42,21
Morgan Hunter,87,12,59,46,0,21,57,95,54,17
Yasmin Beltran,57,44,10,99,46,81,55,11,8,27
Halle Roberson,74,66,41,52,97,9,60,68,79,58
Cale Snow,18,1,8,16,20,71,61,23,60,49
Darwin Burgess,71,93,73,68,81,84,7,89,68,55
Daisy Lang,88,59,95,25,94,21,0,21,83,97
Camilla Torres,15,87,69,24,95,43,94,42,53,58
Wilson Petty,47,58,52,3,61,42,61,13,32,4
Shyla Hogan,63,54,41,97,56,43,4,88,71,30
Kaelyn Buchanan,2,17,66,56,87,29,31,69,59,4
Ella Dougherty,23,58,9,29,48,8,60,85,32,43
Aleena Avila,39,82,53,55,32,86,44,46,54,65
Melany Higgins,55,44,40,55,38,37,80,58,0,19
Bentley Horne,21,32,3,68,0,85,100,27,2,33
Ashlynn Clark,36,94,29,85,23,87,7,15,29,35
Britney Holmes,97,50,64,74,13,31,0,44,87,95
Belinda Bates,20,60,16,83,93,96,36,31,59,61
Paola Jackson,5,30,48,31,63,86,45,3,72,32
Paul Wiley,22,97,12,60,58,20,90,13,8,74
Colin Ball,16,33,24,7,39,81,80,95,11,60
Abdiel Gordon,49,32,79,40,69,79,66,98,13,69
Paityn West,80,93,48,48,100,91,68,74,59,97
Shamar Skinner,66,84,15,72,59,66,5,27,78,60
Kaylah Nolan,54,69,45,59,69,86,53,52,54,30
Kiana Shepard,5,45,51,26,49,99,83,3,38,48
Paris Chaney,36,98,10,87,60,23,5,92,31,30
Jaelyn Villarreal,92,64,93,9,78,42,16,13,45,13
Marin Everett,91,65,71,26,23,35,14,43,44,35
Frances Cook,93,39,87,89,16,70,70,66,32,79
Cesar Baldwin,38,66,4,3,55,64,62,88,47,80
Reese Fuentes,58,63,63,64,39,85,13,10,27,76
Leyla Morris,88,35,28,100,75,43,31,43,52,1
Alannah Carroll,66,69,89,54,96,79,92,39,55,50
Karli Moran,85,70,66,41,89,95,60,44,15,81
Kallie Terrell,46,30,22,26,33,49,43,12,36,13
Cooper Clayton,63,53,93,94,40,74,78,99,21,93
Jon Murray,35,99,90,30,25,66,38,90,60,81
Cierra Allen,20,82,4,45,71,86,26,6,9,31
Armando Olsen,25,77,4,81,79,32,25,89,63,4
Alisha Duke,5,78,7,11,17,37,20,94,97,20
Colt Roth,34,51,58,47,38,55,7,62,30,42
Kendal Armstrong,92,39,14,41,36,21,23,2,63,11
Yosef Pace,49,27,45,20,34,97,13,83,34,97
Salma Lester,35,7,53,35,67,35,40,4,12,7
Roy Conrad,60,60,63,35,78,76,20,58,30,69
Madeleine Phelps,89,79,40,62,100,14,88,32,20,91
Chelsea Ho,44,82,20,44,3,16,91,68,32,92
Joel Douglas,64,40,42,4,22,52,2,79,82,11
Carina Patel,6,82,6,66,81,73,40,47,33,37
Siena Woodward,20,53,44,15,37,56,45,81,96,3
Caden Cummings,73,29,44,26,57,93,99,57,75,77
Kingston Russell,5,54,88,43,80,14,21,20,18,43
Corinne Reid,33,63,95,96,89,89,48,77,1,39
Ariana Norris,13,32,79,35,72,96,7,65,74,82
Gabrielle Fletcher,86,46,50,57,87,87,29,92,11,12
Leonel Williams,62,45,79,13,12,66,65,99,67,53
Paloma Romero,67,78,13,95,84,54,67,73,7,72
Justin Blanchard,33,69,66,56,88,52,67,95,69,75
Gordon Wilson,9,84,2,1,40,87,45,48,87,57
Ruben Carson,66,75,48,36,96,29,7,89,32,41
Kinsley Hansen,8,79,43,51,44,46,72,26,40,35
Andrew Mendoza,63,54,24,0,18,0,54,45,5,99
Kaden Pruitt,17,26,4,32,20,100,7,38,64,72
Katie Glover,66,27,31,95,51,53,29,16,28,38
Marcus Henderson,94,24,7,69,81,85,8,10,22,7
Brayan Harmon,3,15,14,78,78,89,17,34,94,88
Adrianna Cunningham,86,55,92,10,41,28,7,14,21,55
Janiah Estes,72,60,35,8,35,64,8,69,90,56
Jimena Castillo,46,71,46,20,1,78,2,90,43,25
Rayne Perkins,60,21,78,20,24,61,39,72,22,45
Kolten Jennings,40,81,43,45,71,85,49,72,56,74
Marc Nelson,18,15,80,48,38,77,63,90,14,94
Aaliyah Hinton,3,61,69,12,92,27,50,97,78,4
Rhianna Diaz,34,98,89,15,81,17,1,31,78,22
Kieran Simmons,29,10,40,46,10,42,29,29,64,17
Fisher Schneider,1,21,74,28,62,29,31,73,41,74
Terrell Leach,6,23,17,71,33,82,10,91,46,75
Aleah Barnes,59,72,60,9,60,28,64,34,71,64
Adalyn Davies,99,59,55,40,82,37,0,31,76,83
Axel Patrick,84,93,34,0,0,38,13,23,58,10
Guadalupe Clay,95,71,45,63,91,73,39,43,35,6
Paige Sims,9,100,60,91,47,64,20,72,35,90
Kamren Rodriguez,36,29,46,37,31,65,22,93,72,53
Alice Gaines,96,18,77,25,35,5,92,51,19,67
Alison David,43,86,96,0,33,78,38,86,82,64
Mya Padilla,1,31,27,68,56,33,35,5,4,28
Braiden Lin,18,21,1,48,63,22,31,87,1,48
Katelynn Key,69,96,11,6,22,16,20,7,1,33
Jairo Hebert,22,95,39,10,75,6,14,35,3,2
Alejandra Bautista,55,41,9,17,59,38,92,93,20,0
Parker Wagner,88,46,58,95,71,11,90,45,84,50
Noe Horton,81,43,46,15,35,1,39,93,33,36
Jermaine Manning,77,89,89,53,56,89,65,77,11,0
Tyshawn Krueger,83,7,40,63,49,69,93,64,93,20
Diamond Bonilla,18,40,65,71,18,2,95,21,68,30
Amy Mcintyre,86,2,72,22,81,65,58,84,77,67
Nickolas Rhodes,62,51,19,17,86,23,28,64,45,96
Kaylee Franco,33,29,45,87,93,15,1,28,31,72
Gunnar Garza,75,20,2,39,99,99,45,31,65,30
Carlie Stuart,74,20,67,32,16,93,24,71,45,86
Leroy Vaughn,67,73,57,46,34,7,85,79,13,61
Henry Burnett,94,12,39,24,74,68,4,78,28,66
Regan Spencer,55,28,53,71,64,77,16,87,97,85
Adison Best,90,54,80,90,21,0,50,91,93,39
Ashley Stokes,18,94,0,54,33,58,87,45,42,45
Ellis Mcknight,40,60,44,71,42,20,47,46,34,100
Kayden Chavez,72,42,88,68,14,90,77,63,20,73
Elliot Hardin,78,63,38,86,17,79,78,2,87,93
Sydnee Hughes,60,85,3,41,23,94,39,2,46,46
Cora Dodson,84,56,64,91,23,12,68,4,84,62
Cyrus Bartlett,36,54,20,25,84,46,49,86,15,48
Damian Carrillo,59,60,22,95,26,46,11,43,85,78
Sebastian Ray,21,62,38,19,69,53,88,76,83,27
Sylvia Wheeler,51,17,69,27,41,73,22,29,54,59
Carleigh Larson,11,57,42,11,50,9,6,24,43,75
Makena Booker,46,46,92,22,8,21,31,56,48,98
Rachael Frank,49,100,97,11,15,42,60,98,61,58
Joy Odom,97,65,87,56,60,34,90,62,56,59
Kiera Shelton,75,77,36,93,80,83,49,18,34,79
Sonia Alvarado,50,48,43,38,37,71,73,85,70,44
Brenda Strickland,56,78,9,73,65,51,82,76,5,60
Ernest Moreno,49,25,16,11,59,53,90,45,96,77
Lennon Maddox,9,38,35,17,73,72,0,85,33,89
Naima Barton,46,36,56,25,92,97,49,66,10,3
Demarion Newton,97,97,0,62,93,93,67,5,100,86
Thalia Harrington,16,78,85,84,92,45,63,12,63,41
Barbara Tapia,100,70,70,35,56,35,26,68,27,10
Oliver Rollins,88,91,42,77,66,72,26,78,58,87
Brooklyn Winters,94,24,95,50,41,29,25,67,63,50
Karsyn Bryant,14,95,38,85,87,16,89,60,25,29
April Newman,99,67,31,28,65,77,64,54,45,92
Branson Gomez,93,36,6,9,38,30,4,7,57,88
Aiden Simon,70,66,44,48,46,13,80,73,32,20
Theresa Norman,99,55,22,9,96,58,27,23,33,49
Karlee Mcclain,13,73,30,62,96,28,8,43,65,45
Chris Hays,45,77,89,84,53,72,48,69,77,49
Ryan Webster,49,82,48,97,98,43,56,36,48,100
Bryan Waller,0,16,94,46,100,29,44,49,79,8
Marshall Gonzales,6,64,32,98,12,29,97,44,16,35
Amya Cordova,80,89,50,52,88,52,67,68,16,16
Ada Olson,44,76,87,39,30,14,86,84,83,77
Kylie Landry,12,76,83,15,19,47,26,32,42,7
Layla Villegas,14,20,13,21,73,8,87,60,37,69
Shyanne Velasquez,46,61,100,69,27,46,54,88,51,88
Tiffany Sanders,38,45,76,80,99,25,61,38,34,38
Alexandria Allison,59,64,75,44,9,62,1,43,38,22
Khloe Gentry,40,36,43,80,58,17,29,66,16,24
Kenneth Wells,72,90,8,28,66,23,27,77,90,91
Gaige Lewis,22,58,32,88,87,46,8,41,99,44
Joshua Mooney,57,47,2,98,10,85,38,91,41,1
Cash Singh,53,3,8,17,63,75,67,88,50,13
Stephanie Tyler,61,58,32,29,100,62,22,20,86,59
Shaun Mcpherson,67,90,94,18,52,90,74,82,81,22
Memphis Dyer,56,31,58,22,94,92,60,73,34,59
Caroline Chandler,22,62,28,73,67,15,15,43,80,73
Jan Atkins,10,70,38,75,82,93,41,47,14,77
Kasen Osborn,11,60,36,39,1,19,47,70,4,38
Brenna Delacruz,98,94,59,93,39,25,24,23,38,51
Isabel Petersen,56,9,17,77,82,61,8,17,2,17
Vanessa York,26,14,37,52,64,59,56,17,23,12
Jordan Ellis,16,24,97,94,53,91,57,54,51,43
Josie Barron,44,82,40,39,15,70,42,53,5,79
Gianna Mcclure,25,0,3,36,63,52,17,57,57,99
Giselle Joseph,68,78,31,57,37,18,14,61,8,75
Lea Yoder,19,21,61,46,36,14,16,77,1,94
Julie Riddle,71,68,54,13,49,68,33,46,69,30
Bernard Stanley,90,97,19,32,22,5,70,16,31,59
Lainey Holder,57,26,37,51,39,34,8,86,86,43
Jordyn Roman,64,93,10,78,19,86,11,29,0,14
Levi Robinson,15,34,90,24,16,100,53,58,100,81
Cherish Stevenson,64,38,100,44,76,94,32,3,52,86
Maddox Bishop,21,35,69,76,11,24,90,68,42,72
Antonio Glenn,18,7,22,32,85,15,44,23,47,44
Chase Flowers,17,36,58,32,89,59,25,17,14,93
Avery Moss,89,41,61,72,26,59,32,91,46,76
Jack Barker,82,35,57,56,4,74,47,98,97,60
Carolina Braun,92,67,54,39,81,56,81,18,73,70
Rory Wu,15,61,88,7,6,76,78,46,23,95
Tyrone Vance,86,55,70,37,49,99,24,93,80,90
Juliet Dunlap,74,95,56,63,68,20,91,33,7,35
Natalia Villanueva,13,71,86,51,12,21,80,56,85,57
Wendy Hoffman,74,88,50,72,79,83,57,39,17,37
Abigayle Chan,21,22,89,86,45,98,43,33,24,51
Finnegan Osborne,74,65,73,29,84,79,89,95,100,12
Greta Moody,38,76,76,74,74,27,76,97,63,29
Payten Meza,42,20,86,86,17,30,72,68,30,39
Haven Proctor,10,36,79,97,70,89,89,47,3,13
Ruby Garrison,90,60,98,25,23,52,66,99,5,90
Georgia Rivas,87,70,60,93,13,0,61,54,53,45
Janiya Mckenzie,98,20,12,57,65,81,89,94,39,82
Damarion Blair,23,81,100,92,47,66,29,90,7,4
Brice Goodwin,1,41,33,47,26,50,60,13,35,31
Rafael Holden,40,38,11,2,88,54,91,78,93,84
Myla Blankenship,96,1,43,68,67,49,88,23,69,15
Conor Gamble,82,94,20,9,54,86,27,51,100,19
Kale Meyer,90,25,62,75,50,21,82,90,25,27
Justice Castro,48,14,28,99,55,6,89,32,45,35
Sarahi Cuevas,53,39,25,64,1,68,44,29,21,79
Devan Kirby,65,9,48,57,1,20,28,0,42,28
Madison Roberts,74,53,81,97,30,59,41,90,30,29
Catalina George,9,25,15,1,6,98,51,65,58,50
Rodney Nash,20,7,99,42,73,92,93,10,57,60
Reid Zavala,56,41,23,77,59,67,55,100,0,13
Harley Maldonado,50,66,92,9,40,35,22,31,55,12
Diego Fleming,51,75,88,10,39,37,58,63,46,17
Jimmy Ali,24,49,16,26,15,75,97,83,80,31
Rey Richard,92,29,57,91,15,9,98,69,33,44
Hunter Cabrera,9,94,51,44,62,82,31,0,44,9
Brylee Owens,0,31,5,1,11,71,43,47,80,38
Evie Sloan,97,45,3,34,84,77,23,14,21,40
Reginald Rosario,9,72,86,99,47,92,11,92,57,71
Koen Mitchell,61,45,92,78,89,22,37,23,75,14
Matilda Bentley,30,8,18,32,50,73,98,49,19,47
Desmond Green,97,46,8,51,10,87,8,51,7,59
Marques Reilly,95,88,92,46,51,54,36,93,41,98
Mollie Mullen,98,44,78,19,24,17,93,81,20,43
Trevon Whitehead,24,66,83,10,81,81,77,71,29,87
Jovanny Hess,24,57,0,90,65,76,37,89,66,2
Isaiah Michael,82,99,97,100,69,38,16,24,88,33
Ellie Butler,92,82,65,94,57,79,94,14,83,29
Jason Benton,93,51,67,33,21,39,71,18,75,31
Giuliana Callahan,55,7,21,83,46,7,99,95,11,66
Jakayla Sparks,52,38,40,79,87,61,83,37,84,74
Gianni Sherman,86,39,65,63,18,67,21,66,2,50
Connor Briggs,37,65,76,13,41,25,33,62,60,24
Genesis Noble,56,56,65,39,88,71,89,85,2,63
Allyson Mercado,34,92,90,41,15,14,18,41,47,37
Simon Fields,22,32,40,39,50,83,79,30,7,43
Jaxon Wolfe,32,35,56,49,86,53,83,72,84,66
Harold Finley,61,87,78,76,58,19,56,2,60,49
Greyson Franklin,6,57,51,22,66,39,30,65,92,58
Keyon Gray,51,70,79,1,50,3,97,27,50,47
Prince Bailey,88,17,47,94,21,0,41,18,9,85
Valery Kaufman,20,11,78,89,87,24,15,67,7,59
Alex Ware,52,73,78,69,79,84,91,71,81,24
Aliana Roy,70,25,28,9,63,39,3,17,46,74
Brady Haley,4,62,7,38,45,97,43,47,79,55
Keenan Mccullough,44,91,54,26,55,76,89,73,58,10
Leland Mckee,12,32,83,24,84,48,18,98,64,2
Makai Hodge,11,74,90,78,34,98,53,24,18,2
Adriana Mccann,35,6,27,24,62,60,48,55,12,54
Kayla Sharp,1,25,79,97,16,2,42,73,50,31
Kaiden Stone,50,17,25,48,79,60,24,19,93,85
Stanley Thompson,85,20,81,54,53,93,65,28,98,51
Jaden Knight,15,4,98,28,27,79,41,43,90,82
Keely Cain,66,82,46,100,54,75,19,66,32,23
Evan Swanson,11,86,4,90,69,49,35,54,75,55
Bryce Ibarra,13,61,48,11,43,33,34,45,47,58
Kylan Guerrero,20,80,15,96,18,80,5,19,81,71
Duncan Jensen,98,66,40,76,72,23,94,71,31,77
Cheyanne Donaldson,36,11,98,32,4,13,64,61,4,70
Logan Lowery,49,14,75,58,81,66,99,19,14,90
Trent Delgado,77,71,18,21,58,15,78,56,82,68
John Brady,5,48,68,19,95,84,4,71,55,86
Macie Lee,87,74,12,91,99,88,1,3,85,81
Cassidy Sandoval,49,29,6,14,52,80,73,75,3,56
Vance Hendrix,19,18,4,100,26,76,57,57,94,59
Jaden Castaneda,42,98,23,79,11,54,31,49,11,30
Clay Arnold,65,11,51,21,22,57,41,75,30,51
Nathan Lyons,34,69,1,15,70,74,96,8,52,88
Jonah Howard,76,86,74,87,21,98,4,72,15,78
Khalil Rose,14,2,72,63,90,30,19,44,65,34
Arely Bond,45,21,1,84,5,83,66,1,2,53
Abdullah Juarez,74,6,72,35,27,62,44,39,36,29
Adolfo Daugherty,37,44,76,52,61,31,49,55,60,16
Kody Owen,11,57,61,11,47,27,88,9,38,10
Alexus Peck,55,57,100,56,93,36,54,87,37,42
Ainsley Carney,70,95,82,48,41,59,9,21,40,21
Kaylie Hamilton,8,40,84,13,36,89,19,78,12,13
Mckinley Mcneil,93,56,8,5,57,47,50,58,36,46
Trey Zuniga,71,36,41,94,25,45,81,46,47,37
Jocelynn Rosales,33,92,6,64,17,73,47,90,83,7
Edith Church,94,27,8,82,52,76,23,24,86,23
Alfredo Le,79,31,12,25,31,12,43,98,62,99
Lorelei Wood,4,98,17,95,59,100,40,54,25,63
Brendon Ayers,65,51,77,12,62,1,27,12,46,70
Zack Blake,25,58,22,56,21,97,77,32,48,51
Arabella Spears,37,9,91,76,86,94,56,27,39,100
Darren Reeves,12,44,17,98,32,94,88,4,66,35
Arthur Ferguson,94,22,59,56,80,96,71,55,97,78
Miranda Barry,50,27,70,47,0,69,48,69,15,27
Clare Perry,66,83,49,46,11,3,82,24,63,90
Kamora Kennedy,52,62,24,30,46,72,99,49,91,82
Keshawn Murillo,41,1,42,55,73,55,32,79,62,26
Laney Shah,46,36,64,26,75,88,52,42,44,71
Kole Hurst,6,22,14,64,85,17,46,44,50,28
German Ramsey,44,17,78,85,15,18,83,69,49,39
Luna Randall,95,36,47,25,11,61,72,36,17,62
Amari Andersen,15,28,19,19,43,42,32,91,76,32
Mattie Melendez,42,75,17,73,91,68,94,31,51,61
Karson Alexander,50,47,7,93,20,12,4,96,12,80
Meredith Mejia,27,84,60,53,32,53,23,32,85,53
Kamari Davenport,84,89,58,92,42,64,8,6,91,35
Sadie Bullock,63,10,75,31,63,99,16,86,54,22
Orion Carey,52,25,35,16,42,29,98,84,3,30
Elena Fritz,89,60,63,55,19,17,46,67,61,49
Kierra Boyd,4,26,85,1,28,44,68,80,99,64
Adonis Mckay,11,43,28,16,41,0,68,54,87,22
Macey Morgan,86,46,19,89,74,74,70,2,16,7
Kameron Grimes,54,41,22,5,28,40,37,75,22,12
Amiah Woodard,41,77,21,16,2,85,35,69,66,48
Toby Harper,27,5,38,84,1,36,4,36,96,35
Emilio Walton,100,66,79,56,60,51,51,99,20,88
Braylon Huynh,12,96,41,72,93,39,14,19,62,48
Gwendolyn Byrd,81,98,60,10,34,39,59,42,48,52
Janessa Kidd,57,71,22,11,33,49,22,19,71,88
Joslyn Mueller,99,96,16,25,63,40,4,45,64,62
Gemma Berger,14,66,99,10,15,81,20,32,85,41
Iliana Oneal,9,38,55,1,37,65,81,34,91,69
Willie Mcfarland,11,51,15,40,43,12,10,82,25,30
Katrina Kerr,21,29,47,0,98,9,28,89,0,59
Andreas Underwood,41,30,34,42,17,41,92,79,28,93
Taniya Rogers,32,12,73,85,92,12,87,17,11,77
Nolan Cross,71,7,62,63,17,43,20,40,62,16
Kira Pham,58,68,77,69,67,82,12,44,25,46
Liam Harding,27,100,40,88,22,84,2,95,15,7
Royce Gross,42,98,72,78,21,96,54,91,73,8
Zoey Oconnor,70,63,88,63,80,6,26,15,89,37
Jeffery Hensley,92,41,5,80,91,62,18,9,81,22
Eric Greer,80,45,68,37,83,37,80,51,47,66
Samantha Bolton,50,46,75,76,63,32,49,22,13,35
Marina Sheppard,32,89,2,69,17,85,32,52,52,86
Adam Hudson,41,75,48,99,9,67,99,99,72,65
Azaria Yates,62,52,82,95,77,11,27,3,89,6
Kendrick Combs,42,87,63,96,97,55,27,1,96,77
Alexander Fox,15,20,32,93,67,78,37,15,13,46
Saul Abbott,19,31,84,69,8,19,86,15,8,14
Charlie Richmond,32,52,93,8,41,97,42,56,6,77
Clarissa Hayes,31,30,99,48,18,15,45,93,86,76
Amber Saunders,89,7,88,75,82,56,82,43,76,29
Shawn Myers,55,23,90,84,95,5,6,12,48,89
Susan Barrera,70,75,72,84,5,2,76,51,63,41
Deshawn Daniel,3,37,60,62,70,45,100,98,86,14
Trenton Davidson,69,25,2,33,20,0,28,39,45,6
Cristina Jenkins,20,92,20,57,15,7,2,8,24,61
Julianne Willis,7,19,13,38,58,57,98,42,75,57
David Page,86,91,39,64,67,45,31,54,58,47
Drew Rowland,72,79,23,11,37,83,38,23,82,5
Sandra Ponce,74,79,33,57,8,50,62,70,72,59
Paula Espinoza,75,48,4,50,50,73,50,34,97,42
Curtis Monroe,84,87,46,75,83,6,72,44,34,78
Micaela Haas,63,91,9,50,48,77,68,85,72,77
Nathanial Merritt,19,56,69,28,20,31,3,59,91,58
Dayton Peters,6,35,27,2,11,27,1,87,79,14
Rene Becker,71,39,5,87,84,98,19,82,3,19
Mark Frye,13,56,82,56,12,9,88,93,28,39
Lillian Reyes,18,77,41,21,30,22,56,17,7,69
Daniella Oneill,74,34,81,29,57,42,54,11,10,67
Talon Silva,23,57,59,16,17,66,72,6,94,1
Jadyn Day,84,97,50,13,65,85,92,70,0,67
Nikolai Morton,26,64,4,7,70,66,20,47,26,64
Autumn Warner,45,52,26,8,83,43,41,24,55,100
Zechariah Henson,23,48,91,65,2,27,51,97,14,17
Jamir Erickson,12,49,73,80,59,39,54,41,50,81
Mckenna Mcbride,36,51,84,43,19,95,30,83,75,73
Lucy Potts,88,30,65,77,90,34,30,15,29,44
Cohen Velez,94,44,44,28,75,64,97,85,23,21
Madelynn Meadows,69,77,49,57,40,19,61,81,25,35
Miles Salinas,38,52,98,13,30,55,23,86,94,45
Maurice Haynes,55,77,18,38,96,24,19,57,95,30
Steven Frederick,25,71,13,27,91,43,14,43,26,29
Sierra Arroyo,90,86,53,22,34,84,4,56,41,46
Mercedes Jacobs,43,5,12,78,1,7,1,0,22,77
Daphne Luna,32,99,77,100,5,94,94,69,51,96
Parker Schaefer,3,83,100,55,77,13,7,57,22,74
Terry Knox,33,76,41,81,29,67,33,31,43,79
Arianna Gay,23,30,93,77,1,44,42,56,80,22
Abram Hahn,27,36,8,70,54,74,62,92,56,30
Skye Ashley,63,58,84,68,94,60,31,15,66,21
Lexi Short,92,75,6,45,94,71,94,59,17,83
Zachariah Harris,61,98,59,91,29,37,84,87,39,61
Leonardo Lawrence,37,91,77,78,58,88,21,60,11,4
Jessie Farmer,15,19,65,67,51,31,35,87,97,48
Annabelle Calhoun,66,25,61,74,38,60,95,0,68,78
Zaid Weeks,24,83,42,63,35,7,4,29,45,79
Selah Duarte,25,90,93,15,18,82,95,61,85,33
Zaiden Sanchez,24,11,34,38,75,37,93,55,61,34
Aydan Moore,91,18,54,19,39,71,100,41,89,96
Finley Shaw,0,76,18,4,61,90,60,8,35,82
Troy Collier,80,50,91,20,72,24,44,21,70,61
Lola Yang,38,66,15,49,41,11,39,35,26,27
Deegan Brewer,48,4,83,73,68,79,8,81,82,37
Kiley Nguyen,49,50,50,66,74,17,50,5,53,68
Crystal Barber,47,18,26,20,84,77,60,70,86,87
Cornelius Charles,87,33,77,29,3,82,60,94,65,82
Tamara Nicholson,30,22,35,89,82,75,0,39,11,14
Savannah Mccarty,65,21,68,38,87,63,42,2,56,0
Ava Wolf,71,9,18,31,29,45,85,58,84,47
Jayleen Ramos,21,56,92,76,90,71,86,41,60,72
Kendra Leonard,32,18,66,44,99,32,32,92,93,74
Elaina Mathews,75,47,79,6,97,8,56,21,74,79
Porter Francis,56,57,92,84,1,74,0,30,8,31
Dario Sullivan,40,16,22,64,48,54,17,81,46,32
Amira Vazquez,66,57,23,66,48,93,34,10,55,22
Madden Walls,81,46,68,84,91,24,87,100,66,96
Tyrese Aguirre,57,64,88,98,41,43,6,92,19,9
Pamela Washington,25,81,27,44,54,23,69,12,8,96
Johanna Shields,58,45,46,10,54,77,37,17,30,7
Carly Herman,42,48,54,92,94,84,42,94,72,9
Jaylah Hawkins,56,9,47,48,95,74,72,12,92,80
Alisson Archer,5,28,33,73,25,31,95,47,90,97
Esther Barajas,51,11,15,8,15,8,8,36,45,16
Reina Hutchinson,55,91,92,65,61,51,96,87,66,5
Dominik Garcia,73,46,96,88,22,57,8,49,37,70
Jaylynn Velazquez,95,34,26,97,96,40,55,72,74,88
Elizabeth Caldwell,25,18,34,83,92,18,8,10,39,99
Mylee Holland,71,20,41,93,34,6,93,30,56,88
Turner Hodges,40,2,74,8,24,61,36,92,12,63
Jace Rivers,88,38,37,88,45,71,28,56,65,86
Ross Villa,18,4,49,22,86,46,84,35,19,32
Jaylon Galvan,66,88,49,35,23,0,68,77,85,48
Erik Ayala,7,67,91,80,55,83,19,62,18,15
Yoselin Walters,5,32,34,2,97,39,74,21,63,22
Broderick Ochoa,96,74,63,53,93,63,46,7,22,81
Felicity Price,47,20,15,71,73,50,47,58,28,2
Baylee Gregory,83,24,1,78,46,47,82,14,96,89
Kash Mcintosh,22,35,61,13,11,32,4,87,9,93
Tate Bell,12,88,90,50,79,100,17,4,63,5
Allie Hopkins,64,19,30,60,34,34,49,23,98,75
Eleanor Suarez,21,66,39,92,58,67,55,22,72,31
Dalia Wallace,21,46,52,30,55,47,24,67,56,12
Angela Hernandez,61,24,39,85,68,34,40,21,72,49
Josephine Mclaughlin,49,28,3,31,45,22,16,42,85,92
Aaron Mccarthy,5,99,37,85,17,19,10,48,28,56
Scarlett Cantu,57,91,43,18,18,4,37,7,77,32
Ace Mccormick,5,3,59,84,83,74,76,63,59,94
Hayden Beasley,24,39,41,38,92,69,25,37,20,100
Marquis Griffin,87,21,39,44,34,14,64,36,72,17
Marcos Soto,18,3,49,73,3,2,37,50,42,60
Addyson Moses,31,6,46,67,58,46,50,41,53,46
Nicholas Fuller,37,66,21,24,4,45,68,8,18,29
Jamal Robbins,84,47,69,30,91,32,69,62,41,84
Anika Cooper,27,10,62,4,11,86,27,87,94,4
Todd Hester,74,32,26,65,10,81,2,33,9,33
Danny Turner,3,88,73,7,9,92,5,45,35,61
Arnav Lucero,64,80,18,27,40,81,34,42,85,43
Ramiro Dean,18,5,20,68,9,29,41,43,15,39
Marilyn Bridges,1,56,47,64,61,45,63,8,79,88
Ivan Strong,85,34,80,65,45,21,26,56,72,73
Gloria Dorsey,30,89,72,60,70,99,37,85,86,5
Marlie Shannon,69,33,29,100,37,72,53,86,88,27
Jaida Black,62,3,36,4,12,59,64,16,83,63
Matthew Cherry,36,78,47,86,4,93,63,57,85,66
Trinity Pineda,9,32,71,1,19,81,100,27,21,84
Jane Parker,95,18,40,77,100,48,98,59,48,87
Riley Johnson,27,49,39,30,47,8,48,6,36,3
Alexis Mann,72,44,96,13,69,47,55,88,96,13
Keyla Greene,17,19,92,15,43,33,65,98,80,66
Amirah Acosta,18,17,19,15,52,98,52,92,27,77
Yadira Spence,88,90,6,92,1,42,42,9,22,74
Raegan Savage,54,72,0,1,49,66,61,72,5,60
Fletcher Poole,24,17,89,94,65,70,97,100,80,2
Adalynn Durham,83,71,64,45,62,62,33,19,6,21
Isabelle Howe,80,72,18,19,6,5,95,16,100,8
Kennedy Mcdaniel,13,65,57,63,38,11,49,10,60,82
Dorian Copeland,75,40,31,88,75,95,66,0,56,88
Moses Parks,57,77,51,46,29,83,25,34,27,11
Stacy Peterson,55,58,60,32,35,46,14,15,89,34
Emery Lucas,35,22,53,59,42,29,28,93,25,81
Bradley Salazar,16,78,25,36,45,58,23,71,15,4
Phoenix Houston,65,32,16,32,73,75,35,33,56,61
Mohammad Bradley,20,66,83,57,74,15,48,94,98,90
Rubi Stein,69,58,100,95,67,48,0,65,59,60
Jovanni Vargas,35,56,9,50,85,69,51,15,70,43
Nancy Benjamin,40,0,3,22,24,32,34,41,67,94
Clark Pierce,4,21,23,60,5,18,73,98,56,34
Ben Maxwell,72,13,5,88,37,5,33,80,96,36
Kaya Morrison,28,24,56,99,52,89,54,85,100,42
Heidy Arellano,64,99,37,22,2,89,54,35,8,85
Tristen Leon,41,96,49,16,94,20,20,13,73,28
Zaire Andrews,66,47,44,40,7,66,94,27,78,44
Eddie Reed,43,23,31,5,84,62,34,64,16,92
Kylee Santiago,70,23,100,5,34,47,23,77,70,100
Victoria Guzman,60,34,67,85,85,90,31,22,46,12
Kaylynn Schmidt,81,57,20,32,88,30,98,11,0,71
Tara Burns,60,72,74,62,28,44,50,63,7,99
Keagan Eaton,100,50,17,94,53,36,68,45,53,86
Delilah Crawford,32,86,14,46,69,37,14,26,86,33
Thaddeus Snyder,13,54,38,6,70,38,55,35,56,17
Rosa Bowers,13,80,21,98,90,34,66,79,4,23
Tianna Foster,53,82,3,41,12,82,29,21,10,29
Desiree Wilcox,21,90,6,22,85,98,75,51,22,93
Kyleigh Blackwell,19,0,40,25,62,22,12,92,90,58
Camila Estrada,62,78,74,83,1,28,29,90,91,7
Cade Dudley,66,24,79,88,61,81,48,74,32,63
Eden Baird,14,88,23,5,36,38,6,89,17,8
Pablo Hampton,33,82,56,9,37,69,38,89,4,76
Kiersten Rice,66,9,77,42,3,38,44,95,42,74
Blaze Salas,4,19,100,46,88,15,27,31,66,97
Naomi Graham,56,63,45,43,69,16,95,17,4,11
Gilberto Kelley,56,81,87,97,67,72,93,49,88,69
Abraham Krause,27,44,80,5,97,66,27,20,82,62
Jaylin Morales,67,62,52,18,37,62,88,55,5,11
Cayden Watkins,98,18,87,57,26,3,49,10,12,35
Alessandra Vincent,78,61,9,75,8,13,73,67,23,61
Makenna Gibson,94,93,76,29,74,100,51,66,73,35
Jaylan Golden,29,81,84,67,33,70,51,42,100,28
Julia Brock,35,58,80,13,75,49,70,49,62,55
Jaylyn Hale,31,88,90,75,35,94,36,99,36,77
Zion Morrow,47,34,57,63,74,87,24,30,86,58
Madeline Mays,70,64,100,90,83,12,39,26,50,52
Deja Valdez,5,22,0,57,68,64,35,64,28,91
Eduardo Mcconnell,62,39,14,43,51,86,35,34,72,42
Brenton Atkinson,15,99,11,38,5,3,67,70,26,44
Korbin Glass,60,47,27,62,34,41,56,51,1,38
Aidan Sampson,59,99,47,64,98,29,29,90,19,79
Leticia Mccoy,87,85,6,13,32,6,18,86,5,39
Karma Randolph,76,47,70,19,24,18,62,74,98,24
Adeline Martinez,22,16,37,57,23,1,6,30,55,54
Jaidyn Hill,23,6,17,9,55,78,80,16,14,74
Jaslene Richards,82,41,68,45,71,10,86,54,41,11
Jair Miller,60,57,79,22,72,23,12,37,29,71
Myles Trujillo,68,67,67,55,14,77,59,39,43,11
Jadon Conner,38,22,35,30,76,88,60,51,39,45
Lilyana Wilkinson,88,27,68,16,23,69,92,96,38,11
Carissa Neal,48,2,25,8,1,70,19,100,13,92
Gabriela Simpson,83,40,96,90,33,72,50,73,53,100
Jazmine Vaughan,17,2,23,21,69,96,66,31,4,71
Serena Walker,60,70,80,76,86,66,40,87,80,28
Harper Mcdowell,36,73,88,8,63,54,67,58,16,73
Angelique Gilmore,21,28,56,16,57,68,13,84,95,59
Avah Welch,66,18,30,32,41,24,100,66,18,41
Rowan Collins,92,48,11,89,55,42,24,50,68,37
Dominic Howell,7,92,52,14,7,23,85,72,64,42
Sienna Burke,17,2,83,78,77,91,44,92,37,44
Patricia Bass,71,100,58,11,68,61,97,80,41,32
Bo Choi,63,74,16,42,35,69,93,6,17,69
Chanel Prince,33,18,30,71,37,93,12,29,7,61
Alyssa French,36,25,43,14,85,87,67,99,65,96
Beatrice Dunn,31,68,36,33,71,51,76,85,62,13
Cory Mcmahon,32,34,45,84,8,13,40,56,67,73
Ernesto Browning,98,35,77,39,17,13,90,41,36,0
Lamont Marquez,12,42,88,44,28,93,46,90,28,13
Yuliana Wilkerson,97,99,50,23,13,94,25,25,1,87
Bethany Valencia,48,57,0,17,78,57,75,97,46,38
Tyler Roach,8,72,70,13,16,14,57,71,85,25
Jamarion Huerta,60,62,21,97,36,40,58,68,96,78
Abel Montoya,36,33,21,24,5,35,26,55,75,82
Aspen Pacheco,46,69,96,78,53,45,97,54,64,90
Darien Bright,53,3,34,20,57,17,30,27,34,10
Damien Arias,43,73,87,0,21,47,25,79,20,98
Erin Duran,62,50,89,2,90,16,91,29,71,58
Annalise Vang,85,61,20,53,29,8,80,62,98,76
Heath Gillespie,99,35,91,27,72,99,83,77,39,69
Allen Paul,44,56,97,36,98,67,81,12,80,58
Lincoln Levy,56,46,44,88,65,11,64,55,24,74
Briley Downs,2,74,90,35,81,78,69,18,1,7
Jonas Guerra,54,51,73,39,14,31,56,50,8,44
Araceli Branch,69,95,84,6,78,8,97,83,69,92
Keith Ward,98,3,14,67,39,63,17,10,4,35
Sophia Barrett,12,80,97,7,87,58,5,21,77,25
Julissa Zimmerman,30,93,60,63,64,60,75,47,15,14
Maren Coleman,68,81,24,6,35,47,4,42,33,18
Ricardo Rios,90,37,5,1,35,3,29,15,22,36
Penelope Singleton,86,9,21,10,39,69,68,45,56,3
Kailey Mills,90,6,89,68,16,62,48,73,34,4
Alec Martin,84,80,63,70,53,91,12,53,76,15
Emmalee Austin,11,40,44,38,97,22,34,42,46,36
Erica Lynn,61,58,56,33,3,49,70,18,96,5
Lane Patterson,47,51,62,69,71,18,69,49,18,8
Randall Williamson,32,100,70,34,79,65,56,49,93,5
Aria Pollard,65,80,75,10,52,6,86,79,80,65
Alyvia Mccall,86,77,45,35,45,82,65,5,95,62
Krystal Patton,77,80,63,13,26,93,55,95,63,55
Matthias Weber,85,70,69,58,72,32,68,46,0,90
Kristian Burton,85,22,11,78,47,73,58,96,29,20
Nikolas Kramer,6,11,63,78,35,89,50,15,61,36
Sabrina Andrade,32,21,40,49,69,77,86,59,27,92
Jamiya Fitzgerald,13,42,41,69,8,76,48,84,69,48
Heather Montes,31,67,45,34,47,78,98,61,81,16
Madalyn Wall,25,75,61,41,96,5,56,84,8,92
Maximillian Crane,87,28,27,0,11,79,33,53,7,44
Bria English,7,45,95,43,80,83,58,12,73,100
Peyton Oliver,85,26,53,81,72,49,81,20,39,1
Danika Munoz,6,34,67,42,44,36,87,98,59,73
Monica Barnett,54,80,3,89,2,40,88,29,72,90
Natasha Tucker,90,78,38,28,95,32,85,63,21,82
Paxton Cervantes,5,97,69,56,7,98,53,43,30,35
Taylor Jefferson,7,70,25,73,60,35,21,69,64,82
Mariam Macias,33,33,24,54,34,13,32,75,18,61
Aden Casey,69,9,14,63,79,70,43,44,38,99
Iyana Rich,46,85,100,66,24,96,40,77,52,12
Isis Koch,55,34,96,52,79,88,11,64,96,91
Skyler Cochran,6,78,54,95,3,40,10,43,9,48
Lisa Logan,19,27,76,70,35,7,5,76,91,45
Lamar Thomas,6,0,13,40,82,29,78,74,16,61
Tatum Dixon,0,9,52,29,73,68,31,50,44,34
Camron Clarke,68,38,8,10,12,13,89,37,84,79
Arjun Tran,81,45,5,12,88,0,83,40,96,7
Salvatore Hatfield,80,17,16,31,94,60,86,96,39,62
Brittany Solis,19,48,65,97,100,3,50,31,42,76
Cheyenne Schmitt,73,20,69,8,7,2,24,97,68,94
Isabella Figueroa,100,69,24,35,50,81,4,13,50,96
Jeffrey Klein,38,77,0,24,5,53,82,91,52,56
Luka Heath,36,47,39,1,0,76,55,53,4,27
Emilie Powell,29,0,30,38,100,87,67,86,19,37
Averi Buck,76,82,23,49,76,42,60,21,70,56
Elianna Middleton,41,77,44,9,94,67,21,1,54,46
Jorden Odonnell,2,86,47,65,97,30,35,22,26,78
Asher Bender,75,99,4,33,10,18,74,57,91,49
Konnor Santos,71,86,25,16,76,24,94,96,19,87
Eli Mercer,72,69,67,55,81,0,100,58,25,6
Annabel Lopez,48,24,87,37,15,87,0,77,16,59
Elian Hendricks,6,0,69,92,36,17,6,51,85,6
Van Ramirez,99,33,65,41,29,27,83,71,83,18
Dahlia Wade,33,70,98,77,44,37,57,55,67,56
Lydia Cohen,81,57,41,59,37,60,0,70,27,55
Hailee Dalton,60,96,63,26,26,62,42,56,44,62
Alvaro Gutierrez,6,6,24,97,9,50,35,23,98,72
Beckett Matthews,68,41,3,88,59,57,71,28,36,53
Wayne Irwin,21,51,38,0,42,38,65,88,28,20
Tristan Dickerson,57,67,45,53,21,27,17,27,93,88
Audrey Shepherd,9,57,87,12,96,48,78,29,55,85
Kyle Griffith,69,5,65,71,81,80,29,62,1,34
Jada Calderon,74,26,8,6,13,84,89,98,25,85
Elliott Rubio,66,36,74,13,90,3,90,60,30,95
Kayleigh Carlson,45,90,76,19,60,51,24,28,49,66
Saniyah Stephens,100,5,27,27,92,74,10,8,37,88
Zara Harvey,92,48,16,60,10,45,21,98,13,47
Ezequiel Hammond,36,58,80,31,60,63,79,48,41,9
Amiya Jones,53,74,9,38,42,73,56,94,1,33
Everett Chang,56,12,50,65,46,36,30,99,11,33
Talia Warren,82,48,9,42,22,95,37,22,48,79
Owen Wiggins,21,18,35,72,50,84,26,75,61,23
Cortez Hall,8,99,70,24,43,12,39,50,20,32
Athena Hartman,14,48,20,49,84,39,12,63,60,76
Maria Bowen,46,88,86,67,76,40,4,7,33,8
Harrison Norton,80,61,40,38,20,49,92,25,35,42
Lukas Gallagher,45,11,76,43,9,45,72,93,64,44
Louis Buckley,62,83,29,36,18,96,6,7,49,15
Angeline Cobb,64,33,7,96,38,71,73,38,79,45
Londyn Lawson,30,84,79,24,15,66,56,21,36,0
Megan Boone,65,19,23,11,91,14,31,4,5,33
Case Fitzpatrick,1,5,4,38,1,68,52,8,50,59
Ariella Terry,72,99,95,74,59,27,42,32,88,64
Carolyn Lara,100,44,24,17,71,77,28,90,41,20
Tess Shaffer,16,12,99,42,82,14,56,63,36,97
Nigel Camacho,85,93,55,5,21,59,68,11,94,59
Jamie Montgomery,78,94,71,44,25,14,92,13,53,63
Deven Edwards,87,77,88,7,93,61,47,53,83,31
Princess Thornton,76,74,4,78,98,99,2,90,37,99
Draven Gould,97,30,85,25,98,38,18,59,81,73
Damaris Baker,16,65,60,27,41,2,82,93,89,63
Kolby Freeman,34,26,37,60,39,57,41,83,21,83
Mayra Leblanc,80,59,56,86,29,50,45,88,25,22
Larissa Khan,8,39,57,70,66,83,66,88,58,13
Nyla Crosby,57,20,42,73,36,72,49,67,18,12
Aliya King,76,30,40,52,70,32,87,47,2,5
Pierre Case,85,71,15,77,82,33,10,69,37,63
Zoie Wyatt,83,23,29,40,84,58,45,52,86,45
Aydin Lowe,88,89,29,14,81,99,64,89,6,15
Makaila Goodman,9,8,4,70,32,1,68,62,4,11
Misael Liu,53,67,87,47,94,72,74,52,7,40
Jean Bray,69,56,1,95,78,59,83,72,56,43
Gustavo Dawson,62,36,9,1,54,2,23,72,90,2
Johan Kane,6,52,10,36,98,59,50,21,78,43
Lexie Lynch,95,56,99,57,92,42,53,3,79,18
Jewel Payne,45,44,19,51,26,78,75,26,56,11
Olive Ortiz,68,53,75,78,92,88,89,37,52,97
Aylin Sellers,58,12,77,9,85,77,89,53,40,100
Angel Miranda,5,98,23,16,31,79,75,50,13,41
Vicente Perez,96,55,51,10,57,84,84,17,55,35
Philip Gilbert,59,83,35,19,20,43,1,23,59,63
Arielle Waters,26,34,86,54,12,95,61,42,82,5
Nadia Curtis,89,95,22,16,14,28,100,63,22,39
Martha Wise,12,89,24,32,82,22,13,89,72,13
Jaylee Wright,69,45,74,80,35,9,30,95,27,31
Essence Chung,43,83,73,3,78,83,88,12,81,8
Lacey Molina,58,38,26,37,100,94,38,17,17,60
Brycen Hunt,75,37,76,65,18,64,89,79,77,95
Catherine Bradford,74,89,2,80,4,3,34,40,9,35
Felix Coffey,73,58,49,49,59,78,69,53,52,9
Dereon Cole,34,60,73,33,40,61,89,71,57,20
Tyson Nielsen,46,53,66,12,56,80,27,25,88,10
Craig Kline,99,75,24,48,81,64,47,40,9,7
Emerson Schwartz,45,0,12,22,76,2,68,42,56,63
America Hancock,8,95,66,47,10,97,76,8,49,94
Sage Contreras,79,27,63,80,72,3,4,66,0,89
Jamison Davila,72,62,8,8,66,68,14,36,74,20
Jaiden Flynn,6,28,73,68,61,36,5,89,69,10
Evelyn Banks,29,52,32,29,21,62,74,45,10,80
Hanna Ross,29,50,90,50,11,8,26,0,53,74
Zander Giles,72,61,36,56,72,21,38,49,5,70
Omar Dillon,56,58,88,12,34,80,60,10,71,28
Uriel Colon,16,58,93,60,14,82,47,99,13,9
Ricky Carter,20,89,86,62,77,32,73,3,3,0
Imani Hobbs,21,71,71,75,46,31,19,12,5,32
Bruno Cantrell,72,1,85,84,76,46,71,13,98,95
Yair Mclean,39,15,63,92,96,54,40,64,72,91
Emma Bryan,98,29,37,99,91,96,85,4,93,0
Jaqueline Webb,27,14,62,93,71,1,90,22,41,46
Maximilian Huffman,26,44,26,26,30,67,97,31,94,27
Rebecca Mullins,97,85,58,57,61,1,92,42,32,100
Devon Frazier,76,52,70,21,37,19,83,75,99,20
Allison Bennett,75,44,92,69,60,26,83,28,91,4
Dawson Mcmillan,53,42,38,32,10,87,92,51,26,29
Karina Herrera,75,100,72,30,97,2,66,26,81,68
Jagger Young,66,37,20,86,90,34,62,93,16,0
Emely Scott,100,75,10,67,2,64,79,6,17,48
Aidyn Berg,27,94,93,79,64,100,74,39,74,44
Garrett Boyer,92,48,34,15,84,33,20,37,87,23
Mariyah Santana,29,27,8,41,77,24,97,69,22,36
Brogan Sexton,35,63,33,48,23,4,31,94,70,5
Mary Ewing,51,74,52,20,23,41,14,27,79,27
Natalee Pitts,51,9,95,6,26,27,56,48,30,80
Erick Livingston,2,86,94,90,48,62,47,60,95,10
Davion Booth,82,59,91,0,74,81,58,72,7,10
Frankie Huang,68,43,76,14,73,42,76,31,45,59
Trevin Parrish,44,1,70,46,72,32,14,65,97,95
Skyler Watts,88,35,88,60,47,27,43,100,13,85
Braelyn Huff,44,76,47,86,66,92,42,35,10,5
Ramon Robles,51,58,69,47,72,4,65,10,18,74
Brooke Long,97,100,47,80,26,6,18,37,31,25
Alan Lindsey,100,60,43,32,91,5,6,19,54,81
Liliana Moon,52,63,42,54,3,8,100,79,14,1
Dallas Chambers,22,52,23,4,33,61,94,3,61,76
Seamus Mack,40,16,51,74,51,8,81,21,85,63
Osvaldo Mora,16,9,57,98,19,9,20,50,42,88
Isiah Sawyer,47,91,11,86,91,6,78,87,77,51
Zaria Gonzalez,20,66,70,98,61,28,46,71,28,63
Eugene Tate,46,61,99,40,2,44,14,14,97,27
Alivia Kaiser,83,32,49,59,78,89,63,16,48,82
Efrain Mayer,100,60,94,39,12,41,26,6,70,68
Kelvin Hubbard,8,36,57,41,64,65,5,52,11,85
Destiney Whitaker,68,29,3,15,62,94,22,31,91,35
Remington Gardner,44,30,3,96,11,1,68,72,28,41
Cassius Blackburn,92,8,29,14,16,53,30,54,58,90
Chance Alvarez,91,84,8,48,31,79,100,20,83,97
Raquel Beck,71,54,16,49,50,36,53,13,88,98
Jazmin Rasmussen,27,21,87,49,21,59,68,32,43,90
Kayley Adams,94,71,10,75,38,74,94,66,0,62
Jamie Hull,87,56,36,76,12,78,45,70,75,3
Cristian Reynolds,40,67,93,16,46,25,56,56,59,91
Lindsay Zhang,92,26,81,10,94,88,51,9,11,9
Marisa Navarro,93,24,35,81,64,69,43,1,92,7
Aracely Carpenter,74,5,9,49,50,29,9,92,85,89
Ingrid Stout,6,21,35,69,29,100,57,23,70,14
Elias Huber,12,51,94,3,98,62,12,41,80,98
Kathy Riggs,69,19,74,16,3,39,59,71,26,94
Jensen Morse,6,25,1,44,59,80,35,8,56,70
Lara Little,28,79,63,72,26,22,48,73,84,37
Mira Gibbs,70,0,34,9,30,83,7,92,14,62
Julio Lozano,32,69,58,36,30,62,60,18,47,15
Tomas Keller,58,59,77,10,40,62,72,85,16,44
Ari Acevedo,11,65,86,3,45,96,70,11,43,73
Harley Beard,69,60,68,63,29,38,23,48,52,89
Helen Cannon,50,62,39,34,7,55,11,8,33,67
Jaime Farley,64,71,67,44,89,73,19,31,50,4
Roman Raymond,64,46,86,7,0,81,6,60,29,64
Whitney Russo,96,32,84,23,6,48,16,41,53,8
Johnathon Cisneros,35,19,91,37,2,83,28,96,4,45
Sonny Escobar,40,23,75,72,11,13,92,54,37,35
Alaina Conway,16,91,57,25,82,20,47,88,77,47
Rigoberto Malone,86,4,46,5,65,78,7,77,59,51
Macy Preston,85,3,34,69,75,44,81,51,76,42
Mike Duncan,20,15,94,92,89,20,35,40,96,22
Lilian Cox,52,98,36,56,18,59,73,51,97,32
Gerald Cooley,83,0,7,4,87,97,18,45,38,85
Scarlet Quinn,70,51,25,16,60,4,37,97,85,93
Emerson Vega,39,78,18,76,31,21,65,69,99,45
Jayvon Hayden,22,17,22,14,32,91,70,50,18,24
Samuel Kent,92,19,4,78,28,85,80,48,74,48
Tripp Davis,29,90,33,30,22,73,2,74,53,87
Presley Orr,30,10,9,37,13,11,10,89,61,21
Patrick Riley,55,5,84,82,88,88,84,86,80,61
Jovani Forbes,52,87,73,41,51,35,66,55,30,40
Bailey Chen,23,64,85,11,17,30,22,30,89,79
Ryder Benitez,48,39,22,17,98,17,81,6,12,26
Nash Aguilar,73,66,89,79,85,92,59,72,4,54
Payton Mathis,4,66,37,5,65,3,28,99,92,27
Ayana Duffy,31,81,71,77,96,53,78,16,13,43
Israel Evans,17,91,12,54,70,100,90,66,7,15
Emmanuel Hurley,81,90,12,2,49,61,36,43,56,54
Malia Nixon,11,92,76,70,76,89,25,43,82,70
Adelaide Bird,12,36,25,10,56,1,86,15,82,52
Gillian Hart,60,39,79,9,53,20,99,27,29,12
Cruz Fischer,82,92,9,97,10,22,2,71,50,70
Lyric Mcgee,59,39,62,27,56,60,77,99,85,94
Keaton Farrell,69,1,35,35,6,60,74,51,36,88
Celia Hicks,71,77,19,92,75,63,75,71,95,47
Donovan Anderson,46,93,46,64,88,54,6,64,74,22
Marvin House,55,35,28,56,86,62,97,80,33,46
Dean Johns,63,67,37,61,98,46,98,57,86,5
Izabelle Jacobson,33,80,88,8,96,83,62,75,74,49
Rosemary Garrett,35,15,33,30,3,4,86,17,42,17
Giovanni Dominguez,91,70,6,17,30,57,75,3,42,14
Jaidyn Porter,91,83,98,4,47,28,26,89,39,15
Taylor Rivera,95,5,99,1,33,40,18,56,64,41
Hugo Valenzuela,46,75,17,12,14,30,85,51,75,46
Jaiden Todd,39,76,47,65,47,91,5,86,98,1
Rocco Joyce,16,37,6,79,61,23,6,6,11,46
Jade Lam,43,30,5,74,36,25,77,63,94,81
Morgan Sosa,45,93,5,67,19,93,38,29,1,68
Slade Jarvis,9,73,12,36,47,90,96,2,22,87
Quintin Ryan,6,62,16,96,15,54,82,91,68,5
Kaitlin Keith,64,8,48,16,87,88,10,66,51,42
Aedan Rodgers,94,69,32,11,78,67,63,74,3,29
Kelsey Powers,73,2,99,99,44,27,98,89,95,5
Sheldon Solomon,23,61,94,33,67,1,30,34,11,66
Michelle Wilkins,56,14,58,76,50,31,28,84,54,49
Brynlee Hardy,88,75,5,34,69,34,76,100,59,26
Mitchell Frey,25,98,30,55,78,15,49,13,77,41
Maxim Dennis,81,93,92,62,0,69,42,32,2,15
Winston Clements,40,7,53,24,83,18,26,33,95,88
Sullivan Harrison,70,64,80,63,51,71,33,33,61,100
Kaleb Small,78,57,41,33,82,10,5,57,82,100
Alfonso Stanton,49,64,52,31,26,43,61,85,69,74
Lauren Li,97,22,68,35,79,31,67,5,56,60
Trevor Ritter,79,15,45,33,15,47,67,10,99,31
Darion Cameron,59,28,26,20,45,37,8,64,97,13
Maeve May,77,3,82,59,90,34,47,54,52,58
Gisselle Smith,100,71,97,73,14,50,69,87,63,72
Vincent Ingram,41,46,36,79,46,16,43,41,48,97
Isabell Obrien,80,18,24,11,78,74,27,52,26,15
Alyson Schroeder,66,35,74,71,67,14,44,55,94,31
Alexa Cowan,47,22,49,26,18,47,23,95,3,51
Kiara Blevins,39,68,91,53,19,38,91,95,5,54
Edward Chapman,11,78,78,89,80,50,58,16,31,38
Jacquelyn Novak,7,62,70,97,34,97,58,74,65,4
Janet Meyers,8,82,48,82,80,41,71,99,73,40
Brynn Mahoney,88,64,17,38,9,71,60,60,43,7
Gaven Jordan,57,27,80,41,87,43,72,38,77,63
Bridger Rowe,75,21,81,1,57,6,76,40,75,36
Melvin Stewart,22,99,10,92,64,21,4,20,79,25
Joselyn Massey,9,25,57,2,88,37,20,64,93,71
Casey Stark,20,37,89,0,24,95,43,91,20,19
Brodie Pratt,31,100,6,24,31,69,87,92,30,72
Griffin Doyle,22,63,98,85,13,46,90,59,42,73
Carson Brooks,3,57,29,13,33,40,93,55,75,94
Pierce Parsons,17,66,82,50,7,62,13,20,83,95
Janae Bush,93,91,32,47,60,83,77,13,27,21
Danna Mcguire,87,80,26,35,42,3,6,85,78,1
Alissa Rush,36,54,22,22,77,82,94,93,31,60
Jadyn Stevens,64,17,86,27,54,81,49,21,7,22
Kassidy Walsh,54,39,85,5,70,72,19,43,90,40
Jayson Marsh,26,22,76,74,43,42,62,81,20,6
Cameron Mckinney,99,5,54,78,60,7,22,1,30,55
Hillary Ruiz,46,78,90,40,19,13,17,46,99,38
Zavier Wang,78,28,81,41,82,30,78,68,95,2
Kaila Adkins,50,6,24,23,94,40,18,39,57,15
Nevaeh Summers,12,69,8,17,90,4,18,72,48,55
Kenna Fowler,62,45,38,50,49,7,79,15,65,45
Kolton Herring,85,70,100,23,96,98,85,54,41,44
Hailey Cardenas,97,47,17,77,4,78,55,32,58,39
Jaylen Lambert,80,43,43,71,96,89,90,14,54,96
Rishi Madden,71,53,56,5,12,71,75,22,50,14
Sarah Whitney,25,20,51,20,60,45,82,91,58,33
